Designator,Mid X,Mid Y,Rotation,Layer
SW6,102.085,-62.295,0.0,top
SW11,150.375,-77.62,90.0,top
SW8,61.849441,-80.052457,5.0,top
SW2,102.085,-43.295,0.0,top
SW4,60.185,-61.095,5.0,top
SW5,121.095,-68.345,0.0,top
J1,142.285,-80.045,0.0,top
SW3,83.085,-48.795,0.0,top
SW1,121.085,-49.345,0.0,top
SW7,83.085,-67.795,0.0,top
SW12,150.37,-77.62,-90.0,bottom
